1,What is the most interesting fact you know?, ,2023-05-19 05:36:21,2023-05-19 05:36:21
1,What is the craziest conspiracy theory you’ve heard?, ,2023-05-20 05:36:21,2023-05-20 05:36:21
1,What is the best piece of advice you’ve ever received?, ,2023-05-21 05:36:21,2023-05-21 05:36:21
1,What is your favorite childhood memory?, ,2023-05-22 05:36:21,2023-05-22 05:36:21
1,If you could switch lives with any fictional character who would it be?, ,2023-05-23 05:36:21,2023-05-23 05:36:21
1,What is your biggest pet peeve?, ,2023-05-24 05:36:21,2023-05-24 05:36:21
1,What is the most embarrassing thing that has ever happened to you?, ,2023-05-25 05:36:21,2023-05-25 05:36:21
1,If you could live in any time period which one would it be?, ,2023-05-26 05:36:21,2023-05-26 05:36:21
1,What is the most inspiring book you’ve ever read?, ,2023-05-27 05:36:21,2023-05-27 05:36:21
1,If you could only eat one food for the rest of your life what would it be?, ,2023-05-28 05:36:21,2023-05-28 05:36:21
1,What is the most interesting thing about your job?, ,2023-05-29 05:36:21,2023-05-29 05:36:21
1,What is the scariest movie you’ve ever seen?, ,2023-05-30 05:36:21,2023-05-30 05:36:21
1,What is your favorite song and why?, ,2023-05-31 05:36:21,2023-05-31 05:36:21
1,If you could have any superpower what would it be?, ,2023-06-01 05:36:21,2023-06-01 05:36:21
1,What is the best vacation you’ve ever taken?, ,2023-06-02 05:36:21,2023-06-02 05:36:21
1,What is your favorite quote and why?, ,2023-06-03 05:36:21,2023-06-03 05:36:21
1,What is the most important thing in a relationship?, ,2023-06-04 05:36:21,2023-06-04 05:36:21
1,If you could be any animal for a day what would it be?, ,2023-06-05 05:36:21,2023-06-05 05:36:21
1,What is the most unusual thing you’ve ever eaten?, ,2023-06-06 05:36:21,2023-06-06 05:36:21
1,What is your favorite type of cuisine?, ,2023-06-07 05:36:21,2023-06-07 05:36:21
1,What is the most valuable lesson you’ve learned in life?, ,2023-06-08 05:36:21,2023-06-08 05:36:21
1,What is your favorite hobby and why?, ,2023-06-09 05:36:21,2023-06-09 05:36:21
1,What is your favorite movie and why?, ,2023-06-10 05:36:21,2023-06-10 05:36:21
1,If you could meet anyone dead or alive who would it be?, ,2023-06-11 05:36:21,2023-06-11 05:36:21
1,What is the most memorable dream you’ve ever had?, ,2023-06-12 05:36:21,2023-06-12 05:36:21
1,If you could travel anywhere in the world where would you go?, ,2023-06-13 05:36:21,2023-06-13 05:36:21
1,What is the most interesting museum you’ve ever been to?, ,2023-06-14 05:36:21,2023-06-14 05:36:21
1,What is your favorite TV show and why?, ,2023-06-15 05:36:21,2023-06-15 05:36:21
1,What is the most important thing you’ve ever done?, ,2023-06-16 05:36:21,2023-06-16 05:36:21
1,If you could have any job in the world what would it be?, ,2023-06-17 05:36:21,2023-06-17 05:36:21
1,What is the most ridiculous fashion trend you’ve ever seen?, ,2023-06-18 05:36:21,2023-06-18 05:36:21
1,If you could only listen to one band or artist for the rest of your life who would it be?, ,2023-06-19 05:36:21,2023-06-19 05:36:21
1,What is the most impressive skill you have?, ,2023-06-20 05:36:21,2023-06-20 05:36:21
1,If you could go back in time and change one thing what would it be?, ,2023-06-21 05:36:21,2023-06-21 05:36:21
1,What is the best gift you’ve ever received?, ,2023-06-22 05:36:21,2023-06-22 05:36:21
1,What is your favorite thing about your hometown?, ,2023-06-23 05:36:21,2023-06-23 05:36:21
1,What is the best thing that has ever happened to you?, ,2023-06-24 05:36:21,2023-06-24 05:36:21
1,What is the worst job you’ve ever had?, ,2023-06-25 05:36:21,2023-06-25 05:36:21
1,If you could have any vehicle what would it be?, ,2023-06-26 05:36:21,2023-06-26 05:36:21
1,What is the most important lesson you’ve learned from your parents?, ,2023-06-27 05:36:21,2023-06-27 05:36:21
1,If you could live in any fictional world where would it be?, ,2023-06-28 05:36:21,2023-06-28 05:36:21
1,What is the most interesting place you’ve ever been to?, ,2023-06-29 05:36:21,2023-06-29 05:36:21
1,What is the most important thing you’ve learned in school?, ,2023-06-30 05:36:21,2023-06-30 05:36:21
1,What is the best thing about being a parent?, ,2023-07-01 05:36:21,2023-07-01 05:36:21
1,What is the most interesting animal you’ve ever seen?, ,2023-07-02 05:36:21,2023-07-02 05:36:21
1,If you could have any talent what would it be?, ,2023-07-03 05:36:21,2023-07-03 05:36:21
1,What is your favorite book and why?, ,2023-07-04 05:36:21,2023-07-04 05:36:21
1,What is the most important lesson you’ve learned from a friend?, ,2023-07-05 05:36:21,2023-07-05 05:36:21
1,If you could have any pet what would it be?, ,2023-07-06 05:36:21,2023-07-06 05:36:21
1,What is the most unusual thing you’ve ever collected?, ,2023-07-07 05:36:21,2023-07-07 05:36:21
1,What is the best thing about being single?, ,2023-07-08 05:36:21,2023-07-08 05:36:21
1,What is the most interesting thing you’ve ever learned in a class?, ,2023-07-09 05:36:21,2023-07-09 05:36:21
1,If you could have any fictional object what would it be?, ,2023-07-10 05:36:21,2023-07-10 05:36:21
1,What is the most interesting job you’ve ever had?, ,2023-07-11 05:36:21,2023-07-11 05:36:21
1,What is the best thing about your current job?, ,2023-07-12 05:36:21,2023-07-12 05:36:21
1,If you could go on a road trip with anyone dead or alive who would it be?, ,2023-07-13 05:36:21,2023-07-13 05:36:21
1,What is the most amazing thing you’ve ever witnessed?, ,2023-07-14 05:36:21,2023-07-14 05:36:21
1,If you could only have one hobby for the rest of your life what would it be?, ,2023-07-15 05:36:21,2023-07-15 05:36:21
1,What is the most beautiful place you’ve ever visited?, ,2023-07-16 05:36:21,2023-07-16 05:36:21
1,If you could be a character from any TV show or movie who would it be?, ,2023-07-17 05:36:21,2023-07-17 05:36:21
1,What is the most unusual skill you have?, ,2023-07-18 05:36:21,2023-07-18 05:36:21
1,If you could have any object from history what would it be?, ,2023-07-19 05:36:21,2023-07-19 05:36:21
1,What is the most interesting conversation you’ve ever had?, ,2023-07-20 05:36:21,2023-07-20 05:36:21
1,If you could only wear one outfit for the rest of your life what would it be?, ,2023-07-21 05:36:21,2023-07-21 05:36:21
1,What is the most impressive thing you’ve ever built or created?, ,2023-07-22 05:36:21,2023-07-22 05:36:21
1,What is the most unusual talent you’ve ever seen?, ,2023-07-23 05:36:21,2023-07-23 05:36:21
1,If you could be any character from a book who would it be?, ,2023-07-24 05:36:21,2023-07-24 05:36:21
1,What is the most inspiring quote you’ve ever heard?, ,2023-07-25 05:36:21,2023-07-25 05:36:21
1,What is the most important thing you’ve learned about yourself?, ,2023-07-26 05:36:21,2023-07-26 05:36:21
1,If you could only watch one TV show for the rest of your life what would it be?, ,2023-07-27 05:36:21,2023-07-27 05:36:21
1,What is the most unusual thing you’ve ever done to make money?, ,2023-07-28 05:36:21,2023-07-28 05:36:21
1,If you could live in any city in the world where would it be?, ,2023-07-29 05:36:21,2023-07-29 05:36:21
1,What is the most interesting conversation you’ve ever overheard?, ,2023-07-30 05:36:21,2023-07-30 05:36:21
1,If you could have any object from the future what would it be?, ,2023-07-31 05:36:21,2023-07-31 05:36:21
1,What is the most amazing natural phenomenon you’ve ever witnessed?, ,2023-08-01 05:36:21,2023-08-01 05:36:21
1,If you could be any character from a video game who would it be?, ,2023-08-02 05:36:21,2023-08-02 05:36:21
1,What is the most unusual thing you’ve ever collected?, ,2023-08-03 05:36:21,2023-08-03 05:36:21
1,If you could have any career regardless of qualifications what would it be?, ,2023-08-04 05:36:21,2023-08-04 05:36:21
1,What is the most important lesson you’ve learned from a mistake?, ,2023-08-05 05:36:21,2023-08-05 05:36:21
1,If you could be any character from a play or musical who would it be?, ,2023-08-06 05:36:21,2023-08-06 05:36:21
1,What is the most impressive thing you’ve ever cooked or baked?, ,2023-08-07 05:36:21,2023-08-07 05:36:21
1,If you could only eat one cuisine for the rest of your life what would it be?, ,2023-08-08 05:36:21,2023-08-08 05:36:21
1,What is the most unusual place you’ve ever slept?, ,2023-08-09 05:36:21,2023-08-09 05:36:21
1,If you could have any object from a TV show or movie what would it be?, ,2023-08-10 05:36:21,2023-08-10 05:36:21
1,What is the most interesting event you’ve ever attended?, ,2023-08-11 05:36:21,2023-08-11 05:36:21
1,If you could only listen to one podcast for the rest of your life what would it be?, ,2023-08-12 05:36:21,2023-08-12 05:36:21
1,What is the most unusual thing you’ve ever seen in nature?, ,2023-08-13 05:36:21,2023-08-13 05:36:21
1,If you could have any object from a video game what would it be?, ,2023-08-14 05:36:21,2023-08-14 05:36:21
1,What is the most interesting class you’ve ever taken?, ,2023-08-15 05:36:21,2023-08-15 05:36:21
1,If you could be any character from a comic book who would it be?, ,2023-08-16 05:36:21,2023-08-16 05:36:21
1,What is the most unusual sport you’ve ever played?, ,2023-08-17 05:36:21,2023-08-17 05:36:21
1,If you could have any job in the world but only for one day what would it be?, ,2023-08-18 05:36:21,2023-08-18 05:36:21
1,What is the most impressive thing you’ve ever accomplished?, ,2023-08-19 05:36:21,2023-08-19 05:36:21
1,If you could only wear one color for the rest of your life what would it be?, ,2023-08-20 05:36:21,2023-08-20 05:36:21
1,What is the most unusual festival or celebration you’ve ever been to?, ,2023-08-21 05:36:21,2023-08-21 05:36:21
1,If you could have any object from a play or musical what would it be?, ,2023-08-22 05:36:21,2023-08-22 05:36:21
1,What is the most interesting thing you’ve ever seen in a museum?, ,2023-08-23 05:36:21,2023-08-23 05:36:21
1,If you could have any object from a comic book what would it be?, ,2023-08-24 05:36:21,2023-08-24 05:36:21
1,What is the most unusual thing you’ve ever seen in a city?, ,2023-08-25 05:36:21,2023-08-25 05:36:21
1,If you could only play one video game for the rest of your life what would it be?, ,2023-08-26 05:36:21,2023-08-26 05:36:21